{
    "accuracy": 0.07291666666666667,
    "token_usage": {
        "total_input_tokens": 152814,
        "total_output_tokens": 1400
    },
    "run_time_seconds": 144.80544328689575,
    "result_judge_by_llm": 0.08333333333333333,
    "result_judge_by_em": 0.07291666666666667,
    "result_judge_by_em_strict": 0.07291666666666667,
    "total_count": 96
}