{
    "accuracy": 0.6145833333333334,
    "token_usage": {
        "total_input_tokens": 457716,
        "total_output_tokens": 29763
    },
    "run_time_seconds": 471.1388478279114,
    "result_judge_by_llm": 0.6666666666666666,
    "result_judge_by_em": 0.6979166666666666,
    "result_judge_by_em_strict": 0.6145833333333334,
    "total_count": 96
}