{
    "accuracy": 0.20833333333333334,
    "token_usage": {
        "total_input_tokens": 133867,
        "total_output_tokens": 37926
    },
    "run_time_seconds": 612.4512493610382,
    "result_judge_by_llm": 0.20833333333333334,
    "result_judge_by_em": 0.20833333333333334,
    "result_judge_by_em_strict": 0.20833333333333334,
    "total_count": 96
}