{
    "accuracy": 0.19791666666666666,
    "token_usage": {
        "total_input_tokens": 160879,
        "total_output_tokens": 29006
    },
    "run_time_seconds": 425.2849278450012,
    "result_judge_by_llm": 0.19791666666666666,
    "result_judge_by_em": 0.20833333333333334,
    "result_judge_by_em_strict": 0.19791666666666666,
    "total_count": 96
}