{
    "accuracy": 0.3854166666666667,
    "token_usage": {
        "total_input_tokens": 170865,
        "total_output_tokens": 30687
    },
    "run_time_seconds": 488.2187979221344,
    "result_judge_by_llm": 0.3854166666666667,
    "result_judge_by_em": 0.3958333333333333,
    "result_judge_by_em_strict": 0.3854166666666667,
    "total_count": 96
}