{
    "accuracy": 0.20833333333333334,
    "token_usage": {
        "total_input_tokens": 161687,
        "total_output_tokens": 31962
    },
    "run_time_seconds": 504.9874289035797,
    "result_judge_by_llm": 0.20833333333333334,
    "result_judge_by_em": 0.20833333333333334,
    "result_judge_by_em_strict": 0.20833333333333334,
    "total_count": 96
}