{
    "avg_all": 0.9279757391963609,
    "avg_num": 0,
    "avg_op": 0,
    "avg_part": 0.9279757391963609,
    "dataset_gsm8k_cot": 0.9279757391963609
}