{
    "avg_all": 0.88855193328279,
    "avg_num": 0,
    "avg_op": 0,
    "avg_part": 0.88855193328279,
    "dataset_gsm8k_cot": 0.88855193328279
}