{
    "accuracy": 0.3854166666666667,
    "token_usage": {
        "total_input_tokens": 108572,
        "total_output_tokens": 32555
    },
    "run_time_seconds": 396.99178314208984,
    "result_judge_by_llm": 0.3958333333333333,
    "result_judge_by_em": 0.3854166666666667,
    "result_judge_by_em_strict": 0.3854166666666667,
    "total_count": 96
}