{
    "accuracy": 0.010416666666666666,
    "token_usage": {
        "total_input_tokens": 75840,
        "total_output_tokens": 32407
    },
    "run_time_seconds": 412.2986695766449,
    "result_judge_by_llm": 0.010416666666666666,
    "result_judge_by_em": 0.010416666666666666,
    "result_judge_by_em_strict": 0.010416666666666666,
    "total_count": 96
}