{
    "accuracy": 0.5833333333333334,
    "token_usage": {
        "total_input_tokens": 444670,
        "total_output_tokens": 30027
    },
    "run_time_seconds": 463.5536756515503,
    "result_judge_by_llm": 0.6041666666666666,
    "result_judge_by_em": 0.5833333333333334,
    "result_judge_by_em_strict": 0.5833333333333334,
    "total_count": 96
}