{
    "accuracy": 0.6145833333333334,
    "token_usage": {
        "total_input_tokens": 217601,
        "total_output_tokens": 33336
    },
    "run_time_seconds": 612.689715385437,
    "result_judge_by_llm": 0.6145833333333334,
    "result_judge_by_em": 0.6145833333333334,
    "result_judge_by_em_strict": 0.6145833333333334,
    "total_count": 96
}