{
    "accuracy": 0.71875,
    "token_usage": {
        "total_input_tokens": 277975,
        "total_output_tokens": 2317
    },
    "run_time_seconds": 243.73516583442688,
    "result_judge_by_llm": 0.3854166666666667,
    "result_judge_by_em": 0.71875,
    "result_judge_by_em_strict": 0.71875,
    "total_count": 96
}