{
    "accuracy": 0.6770833333333334,
    "token_usage": {
        "total_input_tokens": 456850,
        "total_output_tokens": 29119
    },
    "run_time_seconds": 634.7671582698822,
    "result_judge_by_llm": 0.6875,
    "result_judge_by_em": 0.6979166666666666,
    "result_judge_by_em_strict": 0.6770833333333334,
    "total_count": 96
}