{
    "avg_all": 0.9082638362395754,
    "avg_num": 0,
    "avg_op": 0,
    "avg_part": 0.9082638362395754,
    "dataset_gsm8k": 0.9082638362395754
}