{
    "avg_all": 0.6573161485974223,
    "avg_num": 0,
    "avg_op": 0,
    "avg_part": 0.6573161485974223,
    "dataset_gsm8k": 0.6573161485974223
}