{
    "accuracy": 0.4791666666666667,
    "token_usage": {
        "total_input_tokens": 71561,
        "total_output_tokens": 2317
    },
    "run_time_seconds": 105.50737929344177,
    "result_judge_by_llm": 0.3854166666666667,
    "result_judge_by_em": 0.4791666666666667,
    "result_judge_by_em_strict": 0.4791666666666667,
    "total_count": 96
}