{
    "accuracy": 0.7604166666666666,
    "token_usage": {
        "total_input_tokens": 271057,
        "total_output_tokens": 672
    },
    "run_time_seconds": 156.18547534942627,
    "result_judge_by_llm": 0.7604166666666666,
    "result_judge_by_em": 0.7604166666666666,
    "result_judge_by_em_strict": 0.7604166666666666,
    "total_count": 96
}