{
    "accuracy": 0.07291666666666667,
    "token_usage": {
        "total_input_tokens": 146513,
        "total_output_tokens": 884
    },
    "run_time_seconds": 142.08117628097534,
    "result_judge_by_llm": 0.07291666666666667,
    "result_judge_by_em": 0.07291666666666667,
    "result_judge_by_em_strict": 0.07291666666666667,
    "total_count": 96
}