{
    "avg_all": 0.12351190476190477,
    "avg_num": 0,
    "avg_op": 0,
    "avg_part": 0.05555555555555556,
    "chat_cosine_dataset": 0.010416666666666666,
    "chat_linear_dataset": 0.0,
    "chat_quadratic_dataset": 0.0,
    "chat_sawtooth_wave_dataset": 0.08333333333333333,
    "chat_sine_dataset": 0.0,
    "chat_square_wave_dataset": 0.53125,
    "chat_triangle_wave_dataset": 0.23958333333333334
}