{
    "accuracy": 0.9479166666666666,
    "token_usage": {
        "total_input_tokens": 114816,
        "total_output_tokens": 26120
    },
    "run_time_seconds": 496.68723821640015,
    "result_judge_by_llm": 0.9479166666666666,
    "result_judge_by_em": 0.9479166666666666,
    "result_judge_by_em_strict": 0.9479166666666666,
    "total_count": 96
}