{
    "accuracy": 0.16666666666666666,
    "token_usage": {
        "total_input_tokens": 222853,
        "total_output_tokens": 694
    },
    "run_time_seconds": 187.99462747573853,
    "result_judge_by_llm": 0.17708333333333334,
    "result_judge_by_em": 0.16666666666666666,
    "result_judge_by_em_strict": 0.16666666666666666,
    "total_count": 96
}