{
    "accuracy": 0.010416666666666666,
    "token_usage": {
        "total_input_tokens": 156872,
        "total_output_tokens": 942
    },
    "run_time_seconds": 145.69298839569092,
    "result_judge_by_llm": 0.010416666666666666,
    "result_judge_by_em": 0.010416666666666666,
    "result_judge_by_em_strict": 0.010416666666666666,
    "total_count": 96
}