{
    "avg_all": 0.413938492063492,
    "avg_num": 0.3117559523809524,
    "avg_op": 0.5848214285714286,
    "avg_part": 0.3452380952380952,
    "fixed_len_chat_bit_dataset": 0.11458333333333333,
    "fixed_len_chat_bit_num_dataset": 0.20833333333333334,
    "fixed_len_chat_bit_op_dataset": 0.71875,
    "fixed_len_chat_bit_shift_dataset": 0.22916666666666666,
    "fixed_len_chat_bit_shift_num_dataset": 0.052083333333333336,
    "fixed_len_chat_bit_shift_op_dataset": 0.3854166666666667,
    "fixed_len_chat_bitop_dataset": 0.40625,
    "fixed_len_chat_bitop_num_dataset": 0.2916666666666667,
    "fixed_len_chat_bitop_op_dataset": 0.28125,
    "fixed_len_chat_str_dataset": 0.10416666666666667,
    "fixed_len_chat_str_num_dataset": 0.03125,
    "fixed_len_chat_str_op_dataset": 0.5625,
    "fixed_len_chat_strop_dataset": 0.65625,
    "fixed_len_chat_strop_num_dataset": 0.6875,
    "fixed_len_chat_strop_op_dataset": 0.6041666666666666,
    "fixed_len_chat_substr_dataset": 0.65625,
    "fixed_len_chat_substr_num_dataset": 0.6145833333333334,
    "fixed_len_chat_substr_op_dataset": 0.6666666666666666,
    "var_len_chat_bit_dataset": 0.22916666666666666,
    "var_len_chat_bit_num_dataset": 0.5208333333333334,
    "var_len_chat_bit_op_dataset": 0.625,
    "var_len_chat_bit_shift_dataset": 0.34375,
    "var_len_chat_bit_shift_num_dataset": 0.2604166666666667,
    "var_len_chat_bit_shift_op_dataset": 0.3958333333333333,
    "var_len_chat_bitop_dataset": 0.4270833333333333,
    "var_len_chat_bitop_num_dataset": 0.3333333333333333,
    "var_len_chat_bitop_op_dataset": 0.3541666666666667,
    "var_len_chat_list_cnt_dataset": 0.4895833333333333,
    "var_len_chat_list_cnt_num_dataset": 0.3333333333333333,
    "var_len_chat_list_cnt_op_dataset": 0.6666666666666666,
    "var_len_chat_list_dataset": 0.041666666666666664,
    "var_len_chat_list_num_dataset": 0.010416666666666666,
    "var_len_chat_list_op_dataset": 0.7291666666666666,
    "var_len_chat_set_dataset": 0.28125,
    "var_len_chat_set_num_dataset": 0.19791666666666666,
    "var_len_chat_set_op_dataset": 0.9166666666666666,
    "var_len_chat_str_dataset": 0.20833333333333334,
    "var_len_chat_str_num_dataset": 0.15625,
    "var_len_chat_str_op_dataset": 0.6458333333333334,
    "var_len_chat_strop_dataset": 0.6458333333333334,
    "var_len_chat_strop_num_dataset": 0.6666666666666666,
    "var_len_chat_strop_op_dataset": 0.6354166666666666
}