{
    "avg_all": 0.40823412698412703,
    "avg_num": 0.30357142857142855,
    "avg_op": 0.5848214285714286,
    "avg_part": 0.3363095238095238,
    "fixed_len_chat_bit_dataset": 0.11458333333333333,
    "fixed_len_chat_bit_num_dataset": 0.20833333333333334,
    "fixed_len_chat_bit_op_dataset": 0.71875,
    "fixed_len_chat_bit_shift_dataset": 0.20833333333333334,
    "fixed_len_chat_bit_shift_num_dataset": 0.052083333333333336,
    "fixed_len_chat_bit_shift_op_dataset": 0.3854166666666667,
    "fixed_len_chat_bitop_dataset": 0.40625,
    "fixed_len_chat_bitop_num_dataset": 0.2916666666666667,
    "fixed_len_chat_bitop_op_dataset": 0.28125,
    "fixed_len_chat_str_dataset": 0.09375,
    "fixed_len_chat_str_num_dataset": 0.03125,
    "fixed_len_chat_str_op_dataset": 0.5625,
    "fixed_len_chat_strop_dataset": 0.65625,
    "fixed_len_chat_strop_num_dataset": 0.6770833333333334,
    "fixed_len_chat_strop_op_dataset": 0.5833333333333334,
    "fixed_len_chat_substr_dataset": 0.65625,
    "fixed_len_chat_substr_num_dataset": 0.6145833333333334,
    "fixed_len_chat_substr_op_dataset": 0.6666666666666666,
    "var_len_chat_bit_dataset": 0.20833333333333334,
    "var_len_chat_bit_num_dataset": 0.5208333333333334,
    "var_len_chat_bit_op_dataset": 0.625,
    "var_len_chat_bit_shift_dataset": 0.3333333333333333,
    "var_len_chat_bit_shift_num_dataset": 0.25,
    "var_len_chat_bit_shift_op_dataset": 0.3854166666666667,
    "var_len_chat_bitop_dataset": 0.4166666666666667,
    "var_len_chat_bitop_num_dataset": 0.3229166666666667,
    "var_len_chat_bitop_op_dataset": 0.34375,
    "var_len_chat_list_cnt_dataset": 0.46875,
    "var_len_chat_list_cnt_num_dataset": 0.3229166666666667,
    "var_len_chat_list_cnt_op_dataset": 0.6354166666666666,
    "var_len_chat_list_dataset": 0.020833333333333332,
    "var_len_chat_list_num_dataset": 0.0,
    "var_len_chat_list_op_dataset": 0.7395833333333334,
    "var_len_chat_set_dataset": 0.28125,
    "var_len_chat_set_num_dataset": 0.19791666666666666,
    "var_len_chat_set_op_dataset": 0.9895833333333334,
    "var_len_chat_str_dataset": 0.20833333333333334,
    "var_len_chat_str_num_dataset": 0.14583333333333334,
    "var_len_chat_str_op_dataset": 0.6458333333333334,
    "var_len_chat_strop_dataset": 0.6354166666666666,
    "var_len_chat_strop_num_dataset": 0.6145833333333334,
    "var_len_chat_strop_op_dataset": 0.625
}