{
    "accuracy": 0.4166666666666667,
    "token_usage": {
        "total_input_tokens": 87485,
        "total_output_tokens": 1336
    },
    "run_time_seconds": 101.36110854148865,
    "result_judge_by_llm": 0.3125,
    "result_judge_by_em": 0.4166666666666667,
    "result_judge_by_em_strict": 0.4166666666666667,
    "total_count": 96
}