{
    "chat_add_dataset": 0.8020833333333334,
    "chat_div_dataset": 0.5416666666666666,
    "chat_sub_dataset": 0.8854166666666666,
    "chat_mul_dataset": 0.07291666666666667,
    "var_len_chat_list_cnt_raw_dataset": 0.7291666666666666,
    "var_len_chat_strop_raw_dataset": 0.7291666666666666,
    "fixed_len_chat_substr_raw_dataset": 0.6666666666666666,
    "fixed_len_chat_bit_raw_dataset": 0.9479166666666666,
    "fixed_len_chat_str_raw_dataset": 0.5208333333333334,
    "var_len_chat_bitop_raw_dataset": 0.7916666666666666,
    "var_len_chat_str_raw_dataset": 0.8333333333333334,
    "var_len_chat_bit_shift_raw_dataset": 0.8020833333333334,
    "var_len_chat_list_raw_dataset": 0.7708333333333334,
    "fixed_len_chat_bitop_raw_dataset": 0.875,
    "chat_square_dataset": 0.10416666666666667,
    "var_len_chat_bit_raw_dataset": 0.96875,
    "var_len_chat_data_raw_dataset": 0.4479166666666667,
    "var_len_chat_set_raw_dataset": 0.96875,
    "fixed_len_chat_strop_raw_dataset": 0.6666666666666666,
    "fixed_len_chat_bit_shift_raw_dataset": 0.7395833333333334,
    "chat_add_base3_raw_dataset": 0.0625,
    "chat_add_base4_raw_dataset": 0.09375,
    "chat_base5_raw_dataset": 0.8854166666666666,
    "chat_sub_base4_raw_dataset": 0.17708333333333334,
    "chat_mul_base3_raw_dataset": 0.020833333333333332,
    "chat_base3_raw_dataset": 0.4375,
    "chat_mul_base4_raw_dataset": 0.07291666666666667,
    "chat_base4_raw_dataset": 0.7604166666666666,
    "chat_add_base5_raw_dataset": 0.125,
    "chat_sub_base3_raw_dataset": 0.14583333333333334,
    "chat_mul_base5_raw_dataset": 0.0625,
    "chat_sub_base5_raw_dataset": 0.17708333333333334,
    "chat_quadratic_dataset": 0.0,
    "chat_triangle_wave_dataset": 0.15625,
    "chat_sawtooth_wave_dataset": 0.052083333333333336,
    "chat_square_wave_dataset": 0.5416666666666666,
    "chat_cosine_dataset": 0.0,
    "chat_linear_dataset": 0.010416666666666666,
    "chat_sine_dataset": 0.0,
    "var_len_chat_bitop_num_dataset": 0.3333333333333333,
    "fixed_len_chat_str_op_dataset": 0.5625,
    "fixed_len_chat_bit_op_dataset": 0.71875,
    "var_len_chat_list_cnt_num_dataset": 0.3333333333333333,
    "var_len_chat_bit_dataset": 0.22916666666666666,
    "fixed_len_chat_bit_shift_dataset": 0.22916666666666666,
    "var_len_chat_bit_shift_num_dataset": 0.2604166666666667,
    "var_len_chat_bit_shift_dataset": 0.34375,
    "var_len_chat_bit_op_dataset": 0.625,
    "var_len_chat_list_op_dataset": 0.7291666666666666,
    "var_len_chat_list_num_dataset": 0.010416666666666666,
    "var_len_chat_set_dataset": 0.28125,
    "var_len_chat_list_cnt_dataset": 0.4895833333333333,
    "var_len_chat_str_num_dataset": 0.15625,
    "var_len_chat_bitop_op_dataset": 0.3541666666666667,
    "var_len_chat_list_cnt_op_dataset": 0.6666666666666666,
    "fixed_len_chat_bit_shift_op_dataset": 0.3854166666666667,
    "fixed_len_chat_substr_num_dataset": 0.6145833333333334,
    "var_len_chat_bitop_dataset": 0.4270833333333333,
    "fixed_len_chat_str_num_dataset": 0.03125,
    "var_len_chat_strop_dataset": 0.6458333333333334,
    "var_len_chat_str_op_dataset": 0.6458333333333334,
    "var_len_chat_list_dataset": 0.041666666666666664,
    "fixed_len_chat_bitop_num_dataset": 0.2916666666666667,
    "fixed_len_chat_str_dataset": 0.10416666666666667,
    "var_len_chat_bit_shift_op_dataset": 0.3958333333333333,
    "var_len_chat_set_num_dataset": 0.19791666666666666,
    "fixed_len_chat_bitop_dataset": 0.40625,
    "var_len_chat_strop_op_dataset": 0.6354166666666666,
    "var_len_chat_bit_num_dataset": 0.5208333333333334,
    "fixed_len_chat_substr_dataset": 0.65625,
    "fixed_len_chat_strop_dataset": 0.65625,
    "fixed_len_chat_substr_op_dataset": 0.6666666666666666,
    "fixed_len_chat_strop_num_dataset": 0.6875,
    "fixed_len_chat_bit_shift_num_dataset": 0.052083333333333336,
    "fixed_len_chat_strop_op_dataset": 0.6041666666666666,
    "var_len_chat_strop_num_dataset": 0.6666666666666666,
    "fixed_len_chat_bit_dataset": 0.11458333333333333,
    "fixed_len_chat_bit_num_dataset": 0.20833333333333334,
    "var_len_chat_set_op_dataset": 0.9166666666666666,
    "fixed_len_chat_bitop_op_dataset": 0.28125,
    "var_len_chat_str_dataset": 0.20833333333333334,
    "dataset_gsm8k_cot": 0.9279757391963609,
    "avg_all": 0.43852714316093133,
    "avg_part": 0.43751749815417695,
    "avg_op": 0.5848214285714286,
    "avg_num": 0.3117559523809524
}