{
    "accuracy": 0.20833333333333334,
    "token_usage": {
        "total_input_tokens": 95376,
        "total_output_tokens": 33341
    },
    "run_time_seconds": 397.5360233783722,
    "result_judge_by_llm": 0.22916666666666666,
    "result_judge_by_em": 0.20833333333333334,
    "result_judge_by_em_strict": 0.20833333333333334,
    "total_count": 96
}