{
    "avg_all": 0.5442708333333333,
    "avg_num": 0,
    "avg_op": 0,
    "avg_part": 0.5442708333333333,
    "chat_add_dataset": 0.7916666666666666,
    "chat_div_dataset": 0.5104166666666666,
    "chat_mul_dataset": 0.010416666666666666,
    "chat_sub_dataset": 0.8645833333333334
}