{
    "accuracy": 0.5833333333333334,
    "token_usage": {
        "total_input_tokens": 83193,
        "total_output_tokens": 863
    },
    "run_time_seconds": 74.35247325897217,
    "result_judge_by_llm": 0.5,
    "result_judge_by_em": 0.5833333333333334,
    "result_judge_by_em_strict": 0.5833333333333334,
    "total_count": 96
}