{
    "accuracy": 0.9895833333333334,
    "token_usage": {
        "total_input_tokens": 230265,
        "total_output_tokens": 23779
    },
    "run_time_seconds": 479.83200192451477,
    "result_judge_by_llm": 0.9166666666666666,
    "result_judge_by_em": 0.9895833333333334,
    "result_judge_by_em_strict": 0.9895833333333334,
    "total_count": 96
}