{
    "accuracy": 0.7395833333333334,
    "token_usage": {
        "total_input_tokens": 114816,
        "total_output_tokens": 23810
    },
    "run_time_seconds": 392.6350910663605,
    "result_judge_by_llm": 0.7395833333333334,
    "result_judge_by_em": 0.7395833333333334,
    "result_judge_by_em_strict": 0.7395833333333334,
    "total_count": 96
}