{
    "accuracy": 0.8020833333333334,
    "token_usage": {
        "total_input_tokens": 105659,
        "total_output_tokens": 27172
    },
    "run_time_seconds": 501.38448572158813,
    "result_judge_by_llm": 0.8020833333333334,
    "result_judge_by_em": 0.8020833333333334,
    "result_judge_by_em_strict": 0.8020833333333334,
    "total_count": 96
}