{
    "accuracy": 0.6666666666666666,
    "token_usage": {
        "total_input_tokens": 273553,
        "total_output_tokens": 27992
    },
    "run_time_seconds": 491.37158131599426,
    "result_judge_by_llm": 0.6666666666666666,
    "result_judge_by_em": 0.6666666666666666,
    "result_judge_by_em_strict": 0.6666666666666666,
    "total_count": 96
}