{
    "accuracy": 0.6041666666666666,
    "token_usage": {
        "total_input_tokens": 128310,
        "total_output_tokens": 1408
    },
    "run_time_seconds": 203.25155544281006,
    "result_judge_by_llm": 0.5104166666666666,
    "result_judge_by_em": 0.6041666666666666,
    "result_judge_by_em_strict": 0.6041666666666666,
    "total_count": 96
}