{
    "accuracy": 0.71875,
    "token_usage": {
        "total_input_tokens": 366350,
        "total_output_tokens": 26032
    },
    "run_time_seconds": 423.914617061615,
    "result_judge_by_llm": 0.7291666666666666,
    "result_judge_by_em": 0.71875,
    "result_judge_by_em_strict": 0.71875,
    "total_count": 96
}