{
    "accuracy": 0.7916666666666666,
    "token_usage": {
        "total_input_tokens": 103163,
        "total_output_tokens": 936
    },
    "run_time_seconds": 207.75943565368652,
    "result_judge_by_llm": 0.7916666666666666,
    "result_judge_by_em": 0.7916666666666666,
    "result_judge_by_em_strict": 0.7916666666666666,
    "total_count": 96
}