{
    "accuracy": 0.052083333333333336,
    "token_usage": {
        "total_input_tokens": 155676,
        "total_output_tokens": 1843
    },
    "run_time_seconds": 161.49927639961243,
    "result_judge_by_llm": 0.052083333333333336,
    "result_judge_by_em": 0.052083333333333336,
    "result_judge_by_em_strict": 0.052083333333333336,
    "total_count": 96
}