{
    "accuracy": 0.7916666666666666,
    "token_usage": {
        "total_input_tokens": 215105,
        "total_output_tokens": 691
    },
    "run_time_seconds": 166.28848385810852,
    "result_judge_by_llm": 0.78125,
    "result_judge_by_em": 0.7916666666666666,
    "result_judge_by_em_strict": 0.7916666666666666,
    "total_count": 96
}