{
    "accuracy": 0.4479166666666667,
    "token_usage": {
        "total_input_tokens": 168369,
        "total_output_tokens": 960
    },
    "run_time_seconds": 182.13744282722473,
    "result_judge_by_llm": 0.4583333333333333,
    "result_judge_by_em": 0.4479166666666667,
    "result_judge_by_em_strict": 0.4479166666666667,
    "total_count": 96
}