{
    "accuracy": 0.6770833333333334,
    "token_usage": {
        "total_input_tokens": 366234,
        "total_output_tokens": 25885
    },
    "run_time_seconds": 453.47065782546997,
    "result_judge_by_llm": 0.6666666666666666,
    "result_judge_by_em": 0.6770833333333334,
    "result_judge_by_em_strict": 0.6770833333333334,
    "total_count": 96
}