{
    "accuracy": 0.14583333333333334,
    "token_usage": {
        "total_input_tokens": 150625,
        "total_output_tokens": 24666
    },
    "run_time_seconds": 341.71219539642334,
    "result_judge_by_llm": 0.15625,
    "result_judge_by_em": 0.14583333333333334,
    "result_judge_by_em_strict": 0.14583333333333334,
    "total_count": 96
}