{
    "accuracy": 0.6354166666666666,
    "token_usage": {
        "total_input_tokens": 509653,
        "total_output_tokens": 32096
    },
    "run_time_seconds": 449.8652880191803,
    "result_judge_by_llm": 0.6458333333333334,
    "result_judge_by_em": 0.6458333333333334,
    "result_judge_by_em_strict": 0.6354166666666666,
    "total_count": 96
}