{
    "accuracy": 0.8333333333333334,
    "token_usage": {
        "total_input_tokens": 130384,
        "total_output_tokens": 21637
    },
    "run_time_seconds": 352.3751606941223,
    "result_judge_by_llm": 0.8333333333333334,
    "result_judge_by_em": 0.8333333333333334,
    "result_judge_by_em_strict": 0.8333333333333334,
    "total_count": 96
}