{
    "accuracy": 0.052083333333333336,
    "token_usage": {
        "total_input_tokens": 124993,
        "total_output_tokens": 29391
    },
    "run_time_seconds": 437.18425464630127,
    "result_judge_by_llm": 0.052083333333333336,
    "result_judge_by_em": 0.052083333333333336,
    "result_judge_by_em_strict": 0.052083333333333336,
    "total_count": 96
}