{
    "accuracy": 0.7395833333333334,
    "token_usage": {
        "total_input_tokens": 280471,
        "total_output_tokens": 24140
    },
    "run_time_seconds": 368.7990574836731,
    "result_judge_by_llm": 0.7291666666666666,
    "result_judge_by_em": 0.7395833333333334,
    "result_judge_by_em_strict": 0.7395833333333334,
    "total_count": 96
}