{
    "accuracy": 0.09375,
    "token_usage": {
        "total_input_tokens": 225349,
        "total_output_tokens": 31338
    },
    "run_time_seconds": 511.7008113861084,
    "result_judge_by_llm": 0.10416666666666667,
    "result_judge_by_em": 0.09375,
    "result_judge_by_em_strict": 0.09375,
    "total_count": 96
}