{
    "avg_all": 0.4479166666666665,
    "avg_num": 0.39657738095238093,
    "avg_op": 0.5922619047619049,
    "avg_part": 0.35491071428571425,
    "fixed_len_chat_bit_dataset": 0.15625,
    "fixed_len_chat_bit_num_dataset": 0.17708333333333334,
    "fixed_len_chat_bit_op_dataset": 0.71875,
    "fixed_len_chat_bit_shift_dataset": 0.3125,
    "fixed_len_chat_bit_shift_num_dataset": 0.2916666666666667,
    "fixed_len_chat_bit_shift_op_dataset": 0.4583333333333333,
    "fixed_len_chat_bitop_dataset": 0.4270833333333333,
    "fixed_len_chat_bitop_num_dataset": 0.3854166666666667,
    "fixed_len_chat_bitop_op_dataset": 0.6145833333333334,
    "fixed_len_chat_str_dataset": 0.17708333333333334,
    "fixed_len_chat_str_num_dataset": 0.22916666666666666,
    "fixed_len_chat_str_op_dataset": 0.20833333333333334,
    "fixed_len_chat_strop_dataset": 0.59375,
    "fixed_len_chat_strop_num_dataset": 0.65625,
    "fixed_len_chat_strop_op_dataset": 0.6354166666666666,
    "fixed_len_chat_substr_dataset": 0.7291666666666666,
    "fixed_len_chat_substr_num_dataset": 0.78125,
    "fixed_len_chat_substr_op_dataset": 0.7604166666666666,
    "var_len_chat_bit_dataset": 0.3333333333333333,
    "var_len_chat_bit_num_dataset": 0.40625,
    "var_len_chat_bit_op_dataset": 0.78125,
    "var_len_chat_bit_shift_dataset": 0.3020833333333333,
    "var_len_chat_bit_shift_num_dataset": 0.3958333333333333,
    "var_len_chat_bit_shift_op_dataset": 0.4479166666666667,
    "var_len_chat_bitop_dataset": 0.3125,
    "var_len_chat_bitop_num_dataset": 0.3854166666666667,
    "var_len_chat_bitop_op_dataset": 0.5,
    "var_len_chat_list_cnt_dataset": 0.4270833333333333,
    "var_len_chat_list_cnt_num_dataset": 0.4166666666666667,
    "var_len_chat_list_cnt_op_dataset": 0.7395833333333334,
    "var_len_chat_list_dataset": 0.03125,
    "var_len_chat_list_num_dataset": 0.08333333333333333,
    "var_len_chat_list_op_dataset": 0.3854166666666667,
    "var_len_chat_set_dataset": 0.21875,
    "var_len_chat_set_num_dataset": 0.3125,
    "var_len_chat_set_op_dataset": 0.9479166666666666,
    "var_len_chat_str_dataset": 0.3333333333333333,
    "var_len_chat_str_num_dataset": 0.3854166666666667,
    "var_len_chat_str_op_dataset": 0.40625,
    "var_len_chat_strop_dataset": 0.6145833333333334,
    "var_len_chat_strop_num_dataset": 0.6458333333333334,
    "var_len_chat_strop_op_dataset": 0.6875
}