{
    "avg_all": 0.4806547619047618,
    "avg_num": 0.4203869047619047,
    "avg_op": 0.6316964285714285,
    "avg_part": 0.3898809523809523,
    "fixed_len_chat_bit_dataset": 0.17708333333333334,
    "fixed_len_chat_bit_num_dataset": 0.20833333333333334,
    "fixed_len_chat_bit_op_dataset": 0.71875,
    "fixed_len_chat_bit_shift_dataset": 0.3125,
    "fixed_len_chat_bit_shift_num_dataset": 0.3020833333333333,
    "fixed_len_chat_bit_shift_op_dataset": 0.4479166666666667,
    "fixed_len_chat_bitop_dataset": 0.4791666666666667,
    "fixed_len_chat_bitop_num_dataset": 0.4583333333333333,
    "fixed_len_chat_bitop_op_dataset": 0.6354166666666666,
    "fixed_len_chat_str_dataset": 0.16666666666666666,
    "fixed_len_chat_str_num_dataset": 0.21875,
    "fixed_len_chat_str_op_dataset": 0.20833333333333334,
    "fixed_len_chat_strop_dataset": 0.6770833333333334,
    "fixed_len_chat_strop_num_dataset": 0.6666666666666666,
    "fixed_len_chat_strop_op_dataset": 0.6875,
    "fixed_len_chat_substr_dataset": 0.7291666666666666,
    "fixed_len_chat_substr_num_dataset": 0.7916666666666666,
    "fixed_len_chat_substr_op_dataset": 0.7604166666666666,
    "var_len_chat_bit_dataset": 0.3645833333333333,
    "var_len_chat_bit_num_dataset": 0.4375,
    "var_len_chat_bit_op_dataset": 0.78125,
    "var_len_chat_bit_shift_dataset": 0.3125,
    "var_len_chat_bit_shift_num_dataset": 0.3958333333333333,
    "var_len_chat_bit_shift_op_dataset": 0.4270833333333333,
    "var_len_chat_bitop_dataset": 0.4166666666666667,
    "var_len_chat_bitop_num_dataset": 0.4791666666666667,
    "var_len_chat_bitop_op_dataset": 0.5833333333333334,
    "var_len_chat_list_cnt_dataset": 0.4270833333333333,
    "var_len_chat_list_cnt_num_dataset": 0.4375,
    "var_len_chat_list_cnt_op_dataset": 0.7604166666666666,
    "var_len_chat_list_dataset": 0.03125,
    "var_len_chat_list_num_dataset": 0.07291666666666667,
    "var_len_chat_list_op_dataset": 0.71875,
    "var_len_chat_set_dataset": 0.3125,
    "var_len_chat_set_num_dataset": 0.3854166666666667,
    "var_len_chat_set_op_dataset": 1.0,
    "var_len_chat_str_dataset": 0.3541666666666667,
    "var_len_chat_str_num_dataset": 0.3854166666666667,
    "var_len_chat_str_op_dataset": 0.40625,
    "var_len_chat_strop_dataset": 0.6979166666666666,
    "var_len_chat_strop_num_dataset": 0.6458333333333334,
    "var_len_chat_strop_op_dataset": 0.7083333333333334
}