{
    "accuracy": 0.6354166666666666,
    "token_usage": {
        "total_input_tokens": 203187,
        "total_output_tokens": 26629
    },
    "run_time_seconds": 422.17069578170776,
    "result_judge_by_llm": 0.6666666666666666,
    "result_judge_by_em": 0.6354166666666666,
    "result_judge_by_em_strict": 0.6354166666666666,
    "total_count": 96
}