{
    "avg_all": 0.2517361111111111,
    "avg_num": 0,
    "avg_op": 0,
    "avg_part": 0.2517361111111111,
    "chat_add_base3_raw_dataset": 0.0625,
    "chat_add_base4_raw_dataset": 0.09375,
    "chat_add_base5_raw_dataset": 0.125,
    "chat_base3_raw_dataset": 0.4375,
    "chat_base4_raw_dataset": 0.7604166666666666,
    "chat_base5_raw_dataset": 0.8854166666666666,
    "chat_mul_base3_raw_dataset": 0.020833333333333332,
    "chat_mul_base4_raw_dataset": 0.07291666666666667,
    "chat_mul_base5_raw_dataset": 0.0625,
    "chat_sub_base3_raw_dataset": 0.14583333333333334,
    "chat_sub_base4_raw_dataset": 0.17708333333333334,
    "chat_sub_base5_raw_dataset": 0.17708333333333334
}