{
    "chat_add_dataset": 0.7916666666666666,
    "chat_div_dataset": 0.5104166666666666,
    "chat_sub_dataset": 0.8645833333333334,
    "chat_mul_dataset": 0.010416666666666666,
    "var_len_chat_list_cnt_raw_dataset": 0.7708333333333334,
    "var_len_chat_strop_raw_dataset": 0.7083333333333334,
    "fixed_len_chat_substr_raw_dataset": 0.8229166666666666,
    "fixed_len_chat_bit_raw_dataset": 0.9895833333333334,
    "fixed_len_chat_str_raw_dataset": 0.3125,
    "var_len_chat_bitop_raw_dataset": 0.6979166666666666,
    "var_len_chat_str_raw_dataset": 0.5520833333333334,
    "var_len_chat_bit_shift_raw_dataset": 0.71875,
    "var_len_chat_list_raw_dataset": 0.59375,
    "fixed_len_chat_bitop_raw_dataset": 0.8020833333333334,
    "chat_square_dataset": 0.16666666666666666,
    "var_len_chat_bit_raw_dataset": 0.9895833333333334,
    "var_len_chat_data_raw_dataset": 0.09375,
    "var_len_chat_set_raw_dataset": 0.71875,
    "fixed_len_chat_strop_raw_dataset": 0.5833333333333334,
    "fixed_len_chat_bit_shift_raw_dataset": 0.625,
    "chat_add_base3_raw_dataset": 0.010416666666666666,
    "chat_add_base4_raw_dataset": 0.07291666666666667,
    "chat_base5_raw_dataset": 0.14583333333333334,
    "chat_sub_base4_raw_dataset": 0.09375,
    "chat_mul_base3_raw_dataset": 0.0,
    "chat_base3_raw_dataset": 0.020833333333333332,
    "chat_mul_base4_raw_dataset": 0.03125,
    "chat_base4_raw_dataset": 0.07291666666666667,
    "chat_add_base5_raw_dataset": 0.08333333333333333,
    "chat_sub_base3_raw_dataset": 0.052083333333333336,
    "chat_mul_base5_raw_dataset": 0.010416666666666666,
    "chat_sub_base5_raw_dataset": 0.11458333333333333,
    "chat_quadratic_dataset": 0.0,
    "chat_triangle_wave_dataset": 0.23958333333333334,
    "chat_sawtooth_wave_dataset": 0.08333333333333333,
    "chat_square_wave_dataset": 0.53125,
    "chat_cosine_dataset": 0.010416666666666666,
    "chat_linear_dataset": 0.0,
    "chat_sine_dataset": 0.0,
    "var_len_chat_bitop_num_dataset": 0.3854166666666667,
    "fixed_len_chat_str_op_dataset": 0.20833333333333334,
    "fixed_len_chat_bit_op_dataset": 0.71875,
    "var_len_chat_list_cnt_num_dataset": 0.4166666666666667,
    "var_len_chat_bit_dataset": 0.3333333333333333,
    "fixed_len_chat_bit_shift_dataset": 0.3125,
    "var_len_chat_bit_shift_num_dataset": 0.3958333333333333,
    "var_len_chat_bit_shift_dataset": 0.3020833333333333,
    "var_len_chat_bit_op_dataset": 0.78125,
    "var_len_chat_list_op_dataset": 0.3854166666666667,
    "var_len_chat_list_num_dataset": 0.08333333333333333,
    "var_len_chat_set_dataset": 0.21875,
    "var_len_chat_list_cnt_dataset": 0.4270833333333333,
    "var_len_chat_str_num_dataset": 0.3854166666666667,
    "var_len_chat_bitop_op_dataset": 0.5,
    "var_len_chat_list_cnt_op_dataset": 0.7395833333333334,
    "fixed_len_chat_bit_shift_op_dataset": 0.4583333333333333,
    "fixed_len_chat_substr_num_dataset": 0.78125,
    "var_len_chat_bitop_dataset": 0.3125,
    "fixed_len_chat_str_num_dataset": 0.22916666666666666,
    "var_len_chat_strop_dataset": 0.6145833333333334,
    "var_len_chat_str_op_dataset": 0.40625,
    "var_len_chat_list_dataset": 0.03125,
    "fixed_len_chat_bitop_num_dataset": 0.3854166666666667,
    "fixed_len_chat_str_dataset": 0.17708333333333334,
    "var_len_chat_bit_shift_op_dataset": 0.4479166666666667,
    "var_len_chat_set_num_dataset": 0.3125,
    "fixed_len_chat_bitop_dataset": 0.4270833333333333,
    "var_len_chat_strop_op_dataset": 0.6875,
    "var_len_chat_bit_num_dataset": 0.40625,
    "fixed_len_chat_substr_dataset": 0.7291666666666666,
    "fixed_len_chat_strop_dataset": 0.59375,
    "fixed_len_chat_substr_op_dataset": 0.7604166666666666,
    "fixed_len_chat_strop_num_dataset": 0.65625,
    "fixed_len_chat_bit_shift_num_dataset": 0.2916666666666667,
    "fixed_len_chat_strop_op_dataset": 0.6354166666666666,
    "var_len_chat_strop_num_dataset": 0.6458333333333334,
    "fixed_len_chat_bit_dataset": 0.15625,
    "fixed_len_chat_bit_num_dataset": 0.17708333333333334,
    "var_len_chat_set_op_dataset": 0.9479166666666666,
    "fixed_len_chat_bitop_op_dataset": 0.6145833333333334,
    "var_len_chat_str_dataset": 0.3333333333333333,
    "dataset_gsm8k": 0.9082638362395754,
    "avg_all": 0.40995850206796236,
    "avg_part": 0.3721800098609068,
    "avg_op": 0.5922619047619049,
    "avg_num": 0.39657738095238093
}