{
    "accuracy": 0.20833333333333334,
    "token_usage": {
        "total_input_tokens": 195654,
        "total_output_tokens": 768
    },
    "run_time_seconds": 156.28739404678345,
    "result_judge_by_llm": 0.20833333333333334,
    "result_judge_by_em": 0.20833333333333334,
    "result_judge_by_em_strict": 0.20833333333333334,
    "total_count": 96
}