{
    "avg_all": 0.10863095238095237,
    "avg_num": 0,
    "avg_op": 0,
    "avg_part": 0.036458333333333336,
    "chat_cosine_dataset": 0.0,
    "chat_linear_dataset": 0.010416666666666666,
    "chat_quadratic_dataset": 0.0,
    "chat_sawtooth_wave_dataset": 0.052083333333333336,
    "chat_sine_dataset": 0.0,
    "chat_square_wave_dataset": 0.5416666666666666,
    "chat_triangle_wave_dataset": 0.15625
}