{
    "accuracy": 0.7604166666666666,
    "token_usage": {
        "total_input_tokens": 200691,
        "total_output_tokens": 843
    },
    "run_time_seconds": 162.28071808815002,
    "result_judge_by_llm": 0.7395833333333334,
    "result_judge_by_em": 0.7604166666666666,
    "result_judge_by_em_strict": 0.7604166666666666,
    "total_count": 96
}