{
    "accuracy": 0.3645833333333333,
    "token_usage": {
        "total_input_tokens": 92880,
        "total_output_tokens": 2264
    },
    "run_time_seconds": 94.40209794044495,
    "result_judge_by_llm": 0.3333333333333333,
    "result_judge_by_em": 0.3645833333333333,
    "result_judge_by_em_strict": 0.3645833333333333,
    "total_count": 96
}