{
    "accuracy": 0.7291666666666666,
    "token_usage": {
        "total_input_tokens": 277616,
        "total_output_tokens": 684
    },
    "run_time_seconds": 167.08702993392944,
    "result_judge_by_llm": 0.7291666666666666,
    "result_judge_by_em": 0.7291666666666666,
    "result_judge_by_em_strict": 0.7291666666666666,
    "total_count": 96
}