{
    "accuracy": 0.6979166666666666,
    "token_usage": {
        "total_input_tokens": 507157,
        "total_output_tokens": 5251
    },
    "run_time_seconds": 175.44979190826416,
    "result_judge_by_llm": 0.6145833333333334,
    "result_judge_by_em": 0.6979166666666666,
    "result_judge_by_em_strict": 0.6979166666666666,
    "total_count": 96
}