{
    "accuracy": 0.4583333333333333,
    "token_usage": {
        "total_input_tokens": 117206,
        "total_output_tokens": 1038
    },
    "run_time_seconds": 132.02250480651855,
    "result_judge_by_llm": 0.3854166666666667,
    "result_judge_by_em": 0.4583333333333333,
    "result_judge_by_em_strict": 0.4583333333333333,
    "total_count": 96
}