{
    "accuracy": 0.010416666666666666,
    "token_usage": {
        "total_input_tokens": 159474,
        "total_output_tokens": 1040
    },
    "run_time_seconds": 140.08983635902405,
    "result_judge_by_llm": 0.010416666666666666,
    "result_judge_by_em": 0.010416666666666666,
    "result_judge_by_em_strict": 0.010416666666666666,
    "total_count": 96
}