{
    "accuracy": 0.020833333333333332,
    "token_usage": {
        "total_input_tokens": 148177,
        "total_output_tokens": 922
    },
    "run_time_seconds": 146.689857006073,
    "result_judge_by_llm": 0.020833333333333332,
    "result_judge_by_em": 0.020833333333333332,
    "result_judge_by_em_strict": 0.020833333333333332,
    "total_count": 96
}