{
    "accuracy": 0.7916666666666666,
    "token_usage": {
        "total_input_tokens": 257728,
        "total_output_tokens": 2366
    },
    "run_time_seconds": 198.86040925979614,
    "result_judge_by_llm": 0.59375,
    "result_judge_by_em": 0.7916666666666666,
    "result_judge_by_em_strict": 0.7916666666666666,
    "total_count": 96
}